No,item,datetime
x,* * * * * ,2023-02-23 06:02:39.560668
x,* * * * * ,2023-02-23 06:02:39.565162
x,* * * * * ,2023-02-23 06:02:39.568324
x,* * * * * ,2023-02-23 06:02:39.571573
x,* * * * * ,2023-02-23 06:02:39.574500
x,* * * * * ,2023-02-23 06:02:41.539550
x,* * * * * ,2023-02-23 06:02:41.547105
x,* * * * * ,2023-02-23 06:02:41.553752
x,* * * * * ,2023-02-23 06:02:41.559722
x,* * * * * ,2023-02-23 06:02:41.563754
x,* * * * * ,2023-02-23 06:02:41.567758
x,* * * * * ,2023-02-23 06:02:41.571257
x,* * * * * ,2023-02-23 06:02:41.574588
x,* * * * * ,2023-02-23 06:02:41.576788
x,* * * * * ,2023-02-23 06:02:41.579520
x,* * * * * ,2023-02-23 06:04:02.561275
x,* * * * * ,2023-02-23 06:04:02.565257
x,* * * * * ,2023-02-23 06:04:02.568990
x,* * * * * ,2023-02-23 06:04:02.573832
x,* * * * * ,2023-02-23 06:04:02.577471
x,* * * * * ,2023-02-23 06:04:02.580096
x,* * * * * ,2023-02-23 06:04:02.582645
x,* * * * * ,2023-02-23 06:04:02.585484
x,* * * * * ,2023-02-23 06:04:02.588961
x,* * * * * ,2023-02-23 06:04:02.591742
x,* * * * * ,2023-02-23 06:07:37.246339
x,* * * * * ,2023-02-23 06:07:37.254009
x,* * * * * ,2023-02-23 06:07:37.256998
x,* * * * * ,2023-02-23 06:07:37.260441
x,* * * * * ,2023-02-23 06:07:37.263411
x,* * * * * ,2023-02-23 06:07:37.267446
x,* * * * * ,2023-02-23 06:07:37.270351
x,* * * * * ,2023-02-23 06:07:37.273000
x,* * * * * ,2023-02-23 06:07:37.275761
x,* * * * * ,2023-02-23 06:07:37.278606
